{"is_source_file": true, "format": "JavaScript", "description": "This file sets up custom matchers for testing DOM elements using Jest in a React project. It imports the '@testing-library/jest-dom' module to extend Jest's capabilities with additional DOM assertions.", "external_files": ["@testing-library/jest-dom"], "external_methods": [], "published": [], "classes": [], "methods": [], "calls": ["import '@testing-library/jest-dom'"], "search-terms": ["setupTests.js", "jest-dom", "jest matchers", "DOM assertions", "React testing", "testing-library"], "state": 2, "file_id": 8, "knowledge_revision": 23, "git_revision": "1abf3b32f468d515916415f0213211c581359667", "ctags": [], "hash": "1a77571e1a8cf36018a41bcedf60db75", "format-version": 4, "code-base-name": "habit_tracker_frontend", "filename": "habit_tracker_frontend/src/setupTests.js", "revision_history": [{"23": "1abf3b32f468d515916415f0213211c581359667"}]}