{"is_source_file": false, "format": "", "description": "", "external_files": [], "external_methods": [], "published": [], "classes": [], "methods": [], "calls": [], "search-terms": [], "state": 2, "file_id": 12, "knowledge_revision": 19, "git_revision": "1abf3b32f468d515916415f0213211c581359667", "hash": "ebece526bc2eadd78ddd787a76c56607", "format-version": 4, "code-base-name": "habit_tracker_frontend", "filename": "habit_tracker_frontend/README.md", "revision_history": [{"19": "1abf3b32f468d515916415f0213211c581359667"}]}