{"is_source_file": false, "format": "", "description": "", "external_files": [], "external_methods": [], "published": [], "classes": [], "methods": [], "calls": [], "search-terms": [], "state": 2, "file_id": 10, "knowledge_revision": 21, "git_revision": "1abf3b32f468d515916415f0213211c581359667", "hash": "6c2104b8d219ed99234ae2d6329f4357", "format-version": 4, "code-base-name": "habit_tracker_frontend", "filename": "habit_tracker_frontend/src/index.css", "revision_history": [{"21": "1abf3b32f468d515916415f0213211c581359667"}]}