{"is_source_file": false, "format": "", "description": "", "external_files": [], "external_methods": [], "published": [], "classes": [], "methods": [], "calls": [], "search-terms": [], "state": 2, "file_id": 3, "knowledge_revision": 16, "git_revision": "1abf3b32f468d515916415f0213211c581359667", "hash": "d001d53c059625c4bcf75bf5a7f3fcf0", "format-version": 4, "code-base-name": "habit_tracker_frontend", "filename": "habit_tracker_frontend/package.json", "revision_history": [{"16": "1abf3b32f468d515916415f0213211c581359667"}]}