{"is_source_file": false, "format": "", "description": "", "external_files": [], "external_methods": [], "published": [], "classes": [], "methods": [], "calls": [], "search-terms": [], "state": 2, "file_id": 4, "knowledge_revision": 15, "git_revision": "1abf3b32f468d515916415f0213211c581359667", "hash": "d2b40d02d5f7873d8a6713bad837edd4", "format-version": 4, "code-base-name": "habit_tracker_frontend", "filename": "habit_tracker_frontend/public/index.html", "revision_history": [{"15": "1abf3b32f468d515916415f0213211c581359667"}]}