{"is_source_file": true, "format": "JavaScript (React JSX)", "description": "This is a React component file defining the main App component that manages theme switching (light/dark mode) via a button and applies the theme to the document.", "external_files": ["./logo.svg", "./App.css"], "external_methods": ["React.useState", "React.useEffect"], "published": ["App"], "classes": [], "methods": [{"name": "App()", "description": "Main React functional component that renders the application's UI, including theme toggle button, logo, and links.", "scope": "", "scopeKind": ""}, {"name": "toggleTheme", "description": "Function to toggle the theme state between 'light' and 'dark'."}], "calls": ["React.useState", "React.useEffect", "document.documentElement.setAttribute", "setTheme", "prevTheme => prevTheme === 'light' ? 'dark' : 'light'"], "search-terms": ["React component", "theme toggle", "useEffect", "useState", "App.js", "light/dark theme"], "state": 2, "file_id": 6, "knowledge_revision": 24, "git_revision": "1abf3b32f468d515916415f0213211c581359667", "ctags": [{"_type": "tag", "name": "App", "path": "/home/kavia/workspace/code-generation/habit-tracker-pro-52428-52463/habit_tracker_frontend/src/App.js", "pattern": "/^function App() {$/", "language": "JavaScript", "kind": "function", "signature": "()"}, {"_type": "tag", "name": "Switch to ${theme === 'light' ? 'dark' : 'light'} mode", "path": "/home/kavia/workspace/code-generation/habit-tracker-pro-52428-52463/habit_tracker_frontend/src/App.js", "pattern": "/^          aria-label={`Switch to ${theme === 'light' ? 'dark' : 'light'} mode`}$/", "language": "JavaScript", "kind": "field", "scope": "App.aria", "scopeKind": "class"}, {"_type": "tag", "name": "toggleTheme", "path": "/home/kavia/workspace/code-generation/habit-tracker-pro-52428-52463/habit_tracker_frontend/src/App.js", "pattern": "/^          onClick={toggleTheme}$/", "language": "JavaScript", "kind": "field", "scope": "App.onClick", "scopeKind": "class"}], "hash": "b55dd9e6a018e59207d8e277dffd9e11", "format-version": 4, "code-base-name": "habit_tracker_frontend", "filename": "habit_tracker_frontend/src/App.js", "fields": [{"name": "aria-label={`Switch to ${theme === 'light' ? 'dark' : 'light'} mode`}", "scope": "App.aria", "scopeKind": "class", "description": "unavailable"}, {"name": "onClick={toggleTheme}", "scope": "App.onClick", "scopeKind": "class", "description": "unavailable"}], "revision_history": [{"24": "1abf3b32f468d515916415f0213211c581359667"}]}