{"is_source_file": false, "format": "", "description": "", "external_files": [], "external_methods": [], "published": [], "classes": [], "methods": [], "calls": [], "search-terms": [], "state": 2, "file_id": 5, "knowledge_revision": 17, "git_revision": "1abf3b32f468d515916415f0213211c581359667", "hash": "d9d975cebe2ec20b6c652e1e4c12ccf0", "format-version": 4, "code-base-name": "habit_tracker_frontend", "filename": "habit_tracker_frontend/public/manifest.json", "revision_history": [{"17": "1abf3b32f468d515916415f0213211c581359667"}]}