{"is_source_file": false, "format": "", "description": "", "external_files": [], "external_methods": [], "published": [], "classes": [], "methods": [], "calls": [], "search-terms": [], "state": 2, "file_id": 2, "knowledge_revision": 20, "git_revision": "1abf3b32f468d515916415f0213211c581359667", "hash": "be6538e7523bc2e9da0743133d784136", "format-version": 4, "code-base-name": "habit_tracker_frontend", "filename": "habit_tracker_frontend/eslint.config.mjs", "revision_history": [{"20": "1abf3b32f468d515916415f0213211c581359667"}]}