{"is_source_file": true, "format": "JavaScript (React JSX)", "description": "This is the entry point of a React application, responsible for mounting the main App component to the DOM.", "external_files": ["react", "react-dom", "./index.css", "./App"], "external_methods": ["ReactDOM.createRoot", "ReactDOM.createRoot().render"], "published": ["React", "ReactDOM"], "classes": [], "methods": [{"name": "root.render", "description": "Renders the React application into the DOM element with id 'root'."}], "calls": ["ReactDOM.createRoot", "root.render"], "search-terms": ["React index", "ReactDOM", "mount React app", "index.js", "React.StrictMode", "import React"], "state": 2, "file_id": 11, "knowledge_revision": 25, "git_revision": "1abf3b32f468d515916415f0213211c581359667", "ctags": [{"_type": "tag", "name": "root", "path": "/home/kavia/workspace/code-generation/habit-tracker-pro-52428-52463/habit_tracker_frontend/src/index.js", "pattern": "/^const root = ReactDOM.createRoot(document.getElementById('root'));$/", "language": "JavaScript", "kind": "constant"}], "hash": "9fc5841375336fc175b49f8767a11383", "format-version": 4, "code-base-name": "habit_tracker_frontend", "filename": "habit_tracker_frontend/src/index.js", "revision_history": [{"25": "1abf3b32f468d515916415f0213211c581359667"}]}