{"is_source_file": false, "format": "", "description": "", "external_files": [], "external_methods": [], "published": [], "classes": [], "methods": [], "calls": [], "search-terms": ["CSS", "theme management", ":root", ".App", ".theme-toggle", "@media"], "state": 2, "file_id": 9, "knowledge_revision": 18, "git_revision": "1abf3b32f468d515916415f0213211c581359667", "hash": "22f9e17cc1848b56dbb244518ac2707e", "format-version": 4, "code-base-name": "habit_tracker_frontend", "filename": "habit_tracker_frontend/src/App.css", "revision_history": [{"18": "1abf3b32f468d515916415f0213211c581359667"}]}