{"is_source_file": false, "format": "", "description": "", "external_files": [], "external_methods": [], "published": [], "classes": [], "methods": [], "calls": [], "search-terms": ["habit-tracker-pro", "README.md", "habit tracker"], "state": 2, "file_id": 1, "knowledge_revision": 14, "git_revision": "e9521039514df7956930d03ad75bed67cb7c8aa1", "hash": "c6266646a66f30ebb5dd9a67a4944d5a", "format-version": 4, "code-base-name": "habit_tracker_frontend", "filename": "README.md", "revision_history": [{"14": "e9521039514df7956930d03ad75bed67cb7c8aa1"}]}